category,name,watts_run,watts_start,wattage_type,source,notes
computer_device,NVIDIA DGX Spark,240,240,Power supply rating,https://www.nvidia.com/en-us/products/workstations/dgx-spark/,Live homepage table 2026-10-08; starting watts = running watts for these items
computer_device,NVIDIA GeForce RTX 5090 card,575,575,Total graphics power (card only),https://www.nvidia.com/en-us/geforce/graphics-cards/50-series/rtx-5090/,Live homepage table 2026-10-08; starting watts = running watts for these items
computer_device,NVIDIA GeForce RTX 5080 card,360,360,Total graphics power (card only),https://www.nvidia.com/en-us/geforce/graphics-cards/50-series/rtx-5080/,Live homepage table 2026-10-08; starting watts = running watts for these items
computer_device,NVIDIA GeForce RTX 4090 card,450,450,Total graphics power (card only),https://www.nvidia.com/en-us/geforce/graphics-cards/40-series/rtx-4090/,Live homepage table 2026-10-08; starting watts = running watts for these items
computer_device,NVIDIA GeForce RTX 4080 card,320,320,Total graphics power (card only),https://www.nvidia.com/en-us/geforce/graphics-cards/40-series/rtx-4080-family/,Live homepage table 2026-10-08; starting watts = running watts for these items
computer_device,NVIDIA GeForce RTX 4070 card,200,200,Total graphics power (card only),https://www.nvidia.com/en-us/geforce/graphics-cards/40-series/rtx-4070-family/,Live homepage table 2026-10-08; starting watts = running watts for these items
computer_device,AMD Radeon RX 9070 XT card,304,304,Typical board power (card only),https://www.amd.com/en/products/graphics/desktops/radeon/9000-series/amd-radeon-rx-9070xt.html,Live homepage table 2026-10-08; starting watts = running watts for these items
computer_device,AMD Radeon RX 9070 card,220,220,Typical board power (card only),https://www.amd.com/en/products/graphics/desktops/radeon/9000-series/amd-radeon-rx-9070.html,Live homepage table 2026-10-08; starting watts = running watts for these items
computer_device,AMD Radeon RX 9060 XT card,160,160,Typical board power (card only),https://www.amd.com/en/products/graphics/desktops/radeon/9000-series/amd-radeon-rx-9060xt.html,Live homepage table 2026-10-08; starting watts = running watts for these items
computer_device,AMD Radeon RX 7900 XTX card,355,355,Typical board power (card only),https://www.amd.com/en/products/graphics/desktops/radeon/7000-series/amd-radeon-rx-7900xtx.html,Live homepage table 2026-10-08; starting watts = running watts for these items
computer_device,AMD Ryzen 9 9950X3D CPU,170,170,Default TDP (CPU only),https://www.amd.com/en/products/processors/desktops/ryzen/9000-series/amd-ryzen-9-9950x3d.html,Live homepage table 2026-10-08; starting watts = running watts for these items
computer_device,AMD Ryzen 9 9950X CPU,170,170,Default TDP (CPU only),https://www.amd.com/en/products/processors/desktops/ryzen/9000-series/amd-ryzen-9-9950x.html,Live homepage table 2026-10-08; starting watts = running watts for these items
computer_device,AMD Ryzen 7 9800X3D CPU,120,120,Default TDP (CPU only),https://www.amd.com/en/products/processors/desktops/ryzen/9000-series/amd-ryzen-7-9800x3d.html,Live homepage table 2026-10-08; starting watts = running watts for these items
computer_device,AMD Ryzen 7 9700X CPU,65,65,Default TDP (CPU only),https://www.amd.com/en/products/processors/desktops/ryzen/9000-series/amd-ryzen-7-9700x.html,Live homepage table 2026-10-08; starting watts = running watts for these items
computer_device,AMD Ryzen 5 9600X CPU,65,65,Default TDP (CPU only),https://www.amd.com/en/products/processors/desktops/ryzen/9000-series/amd-ryzen-5-9600x.html,Live homepage table 2026-10-08; starting watts = running watts for these items
computer_device,MacBook Air (M5),60,60,"Charger rating (included 40W Dynamic Power Adapter, 60W max)",https://www.apple.com/macbook-air/specs/,Live homepage table 2026-10-08; starting watts = running watts for these items
computer_device,MacBook Pro 14-inch (M5),70,70,Charger rating (included 70W USB-C Power Adapter),https://www.apple.com/macbook-pro/specs/,Live homepage table 2026-10-08; starting watts = running watts for these items
computer_device,MacBook Pro 14-inch (M5 Pro 18-core or M5 Max),96,96,Charger rating (included 96W USB-C Power Adapter),https://www.apple.com/macbook-pro/specs/,Live homepage table 2026-10-08; starting watts = running watts for these items
computer_device,MacBook Pro 16-inch (M5 Pro or M5 Max),140,140,Charger rating (included 140W USB-C Power Adapter),https://www.apple.com/macbook-pro/specs/,Live homepage table 2026-10-08; starting watts = running watts for these items
computer_device,"iMac 24-inch (M4, four ports)",105,105,Max power consumption (Apple CPU Max figure),https://support.apple.com/en-us/109513,Live homepage table 2026-10-08; starting watts = running watts for these items
computer_device,Mac mini (M6),70,70,Max power consumption,https://support.apple.com/en-us/103253,Live homepage table 2026-10-08; starting watts = running watts for these items
computer_device,Mac mini (M5 Pro),145,145,Max power consumption,https://support.apple.com/en-us/103253,Live homepage table 2026-10-08; starting watts = running watts for these items
computer_device,Mac Studio (M5 Max),200,200,Max power consumption,https://support.apple.com/en-us/102027,Live homepage table 2026-10-08; starting watts = running watts for these items
computer_device,Mac Studio (M5 Ultra),385,385,Max power consumption,https://support.apple.com/en-us/102027,Live homepage table 2026-10-08; starting watts = running watts for these items
computer_device,"Mac Pro (2023, M2 Ultra)",330,330,Max power consumption,https://support.apple.com/en-us/102839,Live homepage table 2026-10-08; starting watts = running watts for these items
computer_device,iPhone 18 Pro or Pro Max (fast-charge adapter),60,60,Charger rating (60W-capable adapter Apple lists for fast charge; sold separately),https://www.apple.com/iphone-18-pro/specs/,Live homepage table 2026-10-08; starting watts = running watts for these items
computer_device,iPhone 17 (fast-charge adapter),40,40,Charger rating (40W adapter Apple lists for fast charge; sold separately),https://www.apple.com/iphone-17/specs/,Live homepage table 2026-10-08; starting watts = running watts for these items
computer_device,iPad (included 20W adapter),20,20,Charger rating (20W USB-C Power Adapter in the box),https://www.apple.com/ipad-11/specs/,Live homepage table 2026-10-08; starting watts = running watts for these items
